khalid_jamal	,	Safrout	,	5alid jamal
Ahmad_Elsagheer	,	Ahmad_Elsagheer	,	Ahmad_Elsagheer
sherifmowafy	,	sherifmowafy_	,	sherifmowafy_
habiba	,	biba96	,	habibahesham
MonaHashem	,	mona_hashem	,	mona_hashem
omaryasser3	,	omaryasser3	,	omaryasser3
ahmed_anwar95	,	ahmed_anwar	,	ahmed_anwar95
Medo Nasser	,	MedoWith11Es	,	MedoN11
MostafaAbdullah	,	MostafaAbdullah	,	MostafaAbdullah
Hejaziak	,	Hejaziak	,	hejaziak
Amerisma	,	Amerisma	,	Amerisma
AhmedSoliman	,	AhmedSoliman	,	AhmedSoliman7
Alaa_Megahed	,	alaa_megahed	,	alaa_megahed
waleedwasfy_96	,	waleedwasfy_96	,	waleedwasfy_96
HodaHisham	,	Hoda_Hisham	,	hodahisham
KEMDAK	,	KEMDAK	,	KEMDAK
Youmna_Elghandoor	,	Youmna_Elghandoor	,	Youmna Elghandoor
minaamir26	,	minaamir26	,	minaamir26
eladdad	,	eladdad	,	eladdad
omar kojak	,	omar_kojak	,	Omar Kojak
nour2015	,	NR_1995	,	NR_1995
mssk	,	mssk	,	mssk
blargyy	,	Imaginary	,	Blargyy
abdo_shabrawy	,	abdo_shabrawy	,	abdo_shabrawy
Mohamedazab	,	Mohamedazab	,	mohamedazab
seif_hussam	,	seif_hussam	,	Seifhussam
snow_flake	,	latentcoder	,	aishabadrawy
hossamfawzy96	,	hossamfawzy96	,	hossamfawzy96
2shraaf	,	2shraaf	,	afandena
kharouba	,	kharouba	,	Kharouba
hady1100	,	hady1100	,	hady1100
mahestynasser95	,	mahestynasser	,	mahestynasser
marky_J-CS	,	marky_j-cs	,	marky_j_cs
radwasherif	,	radwasherif3	,	radwasherif
mohamed.mehany	,	mohamed.mehany	,	mohamed.mehany
Nour95	,	soofyhbk2007	,	nour1995
Badry Atef	,	Badry	,	Badry
melzarei	,	kingslayerX	,	melzarei
ahmedoka1196	,	ahmed_ayman1196	,	ahmedoka1196
aboushawareb	,	aboushawareb	,	aboushawareb
omarradwan213	,	omarradwan213	,	omarradwan213
aboshaqra	,	ihatephysics101	,	youssefzidan
EsraaSalah	,	EsraaSalah	,	EsraaSalah
marhkandil	,	marhkandil	,	marhkandil
khly_95	,	khly95	,	khly95
yasmineamr	,	yasmineamr	,	yasmineamr
klass	,	tester2010	,	klass
aomran94	,	aomran94	,	aomran94
catchup	,	catchup	,	catchup
ahmad_diaa	,	ahmad.diaa	,	ahmad.diaa
